driver_id,total_fare,avg_distance
54,499.79,35.37333333333333
22,746.7199999999999,27.262
19,671.0699999999999,22.84857142857143
53,471.73,15.636666666666665
33,126.34000000000002,16.87666666666667
97,734.6700000000001,17.16909090909091
79,670.68,28.80222222222222
12,743.51,26.724285714285713
