driver_id,total_fare,avg_distance
29,459.78999999999996,31.378571428571426
3,375.92,28.365999999999996
85,646.9899999999999,24.035
68,534.59,25.885
55,392.79999999999995,24.019999999999996
84,467.43,23.235714285714284
14,510.79,20.194285714285716
57,472.24,24.64333333333333
