driver_id,total_fare,avg_distance
87,126.88,14.735
22,161.57,22.88
18,170.18,29.27
95,155.91,17.12
81,319.71,28.346666666666668
67,385.12000000000006,27.8
9,95.86,8.91
91,260.88,11.979999999999999
