driver_id,total_fare,avg_distance
59,219.09,22.412
98,747.2100000000002,33.62
18,1087.93,22.35928571428571
27,544.8000000000001,19.028
19,894.53,22.969
25,1309.6699999999998,26.81470588235294
48,1100.3,30.858333333333334
84,777.1300000000001,26.50090909090909
72,1049.26,26.034545454545455
