driver_id,total_fare,avg_distance
29,492.63,29.867499999999996
73,515.02,28.13
3,479.47,27.632857142857144
99,694.53,28.525833333333328
43,320.75,30.077499999999997
27,262.71000000000004,19.97857142857143
55,440.12999999999994,26.53333333333333
44,564.15,28.457500000000003
53,438.22,14.634
48,503.86,28.709999999999997
