driver_id,total_fare,avg_distance
69,329.03999999999996,31.71
29,326.76,28.124000000000002
96,453.28000000000003,16.048
61,475.67999999999995,20.383999999999997
26,40.55,30.09
41,450.5,30.7
74,96.02000000000001,34.045
2,325.97,26.662499999999998
