driver_id,total_fare,avg_distance
51,693.8100000000001,28.555555555555557
15,580.07,27.24
8,772.25,18.40090909090909
16,535.03,37.53000000000001
47,898.6000000000001,26.0425
5,613.71,31.907999999999998
17,678.2,26.725714285714282
93,750.86,32.668888888888894
1,780.4699999999999,27.380000000000003
63,603.9699999999999,15.024444444444448
62,321.02,21.0925
