driver_id,total_fare,avg_distance
28,185.45,30.425
35,140.67,33.19
52,201.56,30.765
96,141.21,17.08
5,15.55,6.83
31,192.71,15.116666666666667
75,190.98000000000002,30.380000000000003
46,60.949999999999996,18.84
90,59.47,34.52
88,134.34,14.836666666666666
