driver_id,total_fare,avg_distance
47,682.24,25.07888888888889
5,466.35,30.3825
55,270.34,29.659999999999997
25,644.11,29.839999999999996
82,598.3899999999999,30.8
32,896.0600000000001,23.364
63,495.2,19.273333333333337
62,153.57999999999998,8.86
83,394.01,28.784000000000002
80,201.13,26.4525
