driver_id,total_fare,avg_distance
51,627.23,30.68375
15,369.98,27.153333333333336
73,422.95000000000005,34.1425
30,532.6899999999999,21.678333333333338
59,108.08,20.860000000000003
96,530.08,16.126666666666665
32,1102.14,20.125833333333336
1,693.3,26.23
83,726.3699999999999,30.542500000000004
