driver_id,total_fare,avg_distance
51,72.62,7.09
30,409.72999999999996,28.3975
28,503.15,32.566
5,90.69,8.055
90,104.5,28.160000000000004
19,362.23999999999995,25.302500000000002
41,74.47999999999999,48.97
58,286.2,24.47333333333333
32,505.85999999999996,27.062
4,281.12,24.363333333333333
50,77.37,43.16
