driver_id,total_fare,avg_distance
99,1029.57,28.605
78,459.76,16.95
6,1136.2500000000002,27.055333333333337
92,1102.79,27.563076923076927
81,980.9000000000001,29.817272727272726
48,1807.3100000000002,30.932
84,988.6000000000001,26.776249999999997
1,1061.32,31.46466666666667
49,1298.19,27.416249999999998
66,722.9699999999999,24.75909090909091
2,1026.83,27.39272727272727
