driver_id,total_fare,avg_distance
42,1313.96,27.517142857142858
73,978.9100000000001,29.424545454545452
30,1029.79,23.76153846153846
27,609.1,19.299090909090907
46,652.08,21.13875
19,1124.38,25.34307692307692
92,957.22,28.244166666666672
12,1259.22,25.936923076923083
66,533.9999999999999,23.92
45,420.72,11.525
