driver_id,total_fare,avg_distance
7,845.0899999999999,27.31272727272727
29,959.97,33.953333333333326
22,1323.06,28.4515
98,1043.2300000000002,33.8975
41,1113.42,27.625624999999996
23,945.6099999999999,28.732307692307693
44,796.7599999999999,26.7075
92,1151.31,29.070000000000004
72,1276.9799999999998,28.61642857142857
74,522.54,22.058888888888887
