driver_id,total_fare,avg_distance
30,656.4399999999999,19.65571428571429
18,612.11,21.942500000000003
77,436.39,28.851999999999997
19,752.6899999999999,23.46
67,766.09,24.184444444444445
79,741.78,27.838
63,722.67,14.371000000000004
4,884.3900000000001,24.134999999999998
50,158.26000000000002,39.145
57,667.73,24.17
