driver_id,total_fare,avg_distance
54,423.56,35.733999999999995
8,666.5,18.726999999999997
16,430.21,36.68666666666667
18,530.07,19.51
70,343.09999999999997,38.492
61,618.52,17.746666666666666
6,858.0100000000001,22.596363636363638
40,229.05,22.590000000000003
44,476.82,29.677142857142858
82,793.9299999999998,30.65222222222222
58,994.5500000000001,22.298181818181817
