driver_id,total_fare,avg_distance
64,607.51,30.725000000000005
52,504.08,32.9
26,221.05,21.790000000000003
41,463.7,30.775714285714283
38,866.78,32.6390909090909
82,548.5899999999999,28.838333333333335
24,651.2900000000001,25.898571428571433
32,795.9100000000001,23.846666666666668
74,223.82,25.44333333333333
57,359.76,25.865999999999996
