driver_id,total_fare,avg_distance
85,45.86,24.36
71,148.14,29.115000000000002
98,386.06,36.50666666666667
60,146.07,27.1
55,37.24,47.36
58,375.31,22.322499999999998
67,146.34,32.56
36,58.73,38.55
14,238.42000000000002,19.19
