driver_id,total_fare,avg_distance
22,782.8399999999999,28.94636363636364
71,389.73999999999995,27.883999999999997
43,429.09000000000003,30.49
48,582.79,31.240000000000002
97,846.5600000000001,19.630833333333335
66,269.41999999999996,15.2975
2,742.0,28.905714285714286
80,450.36,26.347500000000004
