driver_id,total_fare,avg_distance
85,534.5799999999999,21.403333333333332
35,396.1099999999999,21.45
17,351.0,22.377499999999998
38,510.78,39.37833333333333
84,267.21000000000004,18.619999999999997
24,310.31,20.793333333333333
49,560.75,25.52333333333333
65,532.1500000000001,27.24285714285714
72,125.78,9.73
2,221.43,26.97
