driver_id,total_fare,avg_distance
99,646.56,27.298999999999996
77,113.83,31.665
93,649.52,35.785000000000004
25,793.51,30.73444444444444
9,283.6,15.288
1,575.75,29.691428571428567
12,399.49,30.805
