driver_id,total_fare,avg_distance
7,768.8399999999999,29.254999999999995
42,1095.33,30.05545454545454
85,663.9599999999999,21.88111111111111
89,436.64,18.961428571428574
40,630.57,28.934285714285718
32,1311.29,22.243333333333332
20,511.56,24.6775
10,727.07,14.773000000000001
37,433.26,25.752857142857142
63,1075.28,19.758
