driver_id,total_fare,avg_distance
22,454.2,20.982857142857142
47,598.66,26.10875
44,378.94,28.542
97,494.68000000000006,18.435714285714287
84,402.8,22.36333333333333
24,512.89,26.21
56,199.75999999999996,18.308
10,266.71,10.600000000000001
49,705.99,25.327142857142857
94,393.90000000000003,37.446666666666665
