driver_id,total_fare,avg_distance
51,1343.1299999999999,27.584117647058825
54,1122.75,26.37230769230769
15,1105.0000000000002,25.182
16,807.29,34.64272727272728
96,1909.8200000000002,23.570434782608697
100,669.89,30.602499999999996
93,960.68,28.57538461538462
53,1317.4099999999999,20.286874999999995
86,881.5,20.36
56,728.43,23.10230769230769
57,881.15,21.129166666666666
