driver_id,total_fare,avg_distance
15,446.72,24.815
87,515.29,26.69142857142857
34,257.43,18.3
28,730.99,33.53
35,535.5899999999999,19.425
77,304.38,35.2175
58,889.58,22.133999999999997
32,1176.23,22.306153846153848
37,256.32,23.921999999999997
49,813.35,24.724444444444444
74,260.24,25.4225
