driver_id,total_fare,avg_distance
29,276.66999999999996,25.009999999999998
64,325.77,29.79666666666667
59,64.44,20.27
47,429.82,31.75666666666667
99,376.14,28.395999999999997
6,19.72,28.73
93,202.81,17.475
92,140.43,33.285
67,550.82,25.34
56,185.77999999999997,18.185000000000002
62,125.19,4.54
