driver_id,total_fare,avg_distance
42,162.04999999999998,32.01
87,420.77,23.511666666666667
3,226.33,26.564999999999998
30,521.3199999999999,25.746000000000002
32,733.5600000000001,26.102857142857143
65,420.6700000000001,30.43166666666667
4,635.96,19.413333333333334
13,538.0699999999999,31.901250000000005
94,260.54,34.815
76,246.81,28.906666666666666
