driver_id,total_fare,avg_distance
47,776.2800000000001,25.952727272727273
77,192.14,37.666666666666664
41,698.01,32.12599999999999
58,770.5600000000001,21.93333333333333
48,366.91,27.994
79,539.3199999999999,29.1425
72,356.1,34.585
76,297.41,24.67
