driver_id,total_fare,avg_distance
87,1054.76,26.435384615384617
59,705.95,29.029999999999998
22,1067.7099999999998,28.365882352941178
19,1313.7300000000002,25.50733333333333
92,1115.1499999999999,28.48714285714286
67,1279.85,24.724000000000004
36,602.98,30.5025
62,405.32,26.855
21,894.2,21.235000000000003
