driver_id,total_fare,avg_distance
73,232.67000000000002,25.955000000000002
28,528.27,32.59166666666667
99,399.96,30.103333333333335
96,246.77,13.169999999999998
46,257.3,17.724999999999998
55,155.88,36.35666666666666
95,311.74,17.2875
38,344.89,39.754999999999995
65,369.58000000000004,27.426
83,267.75,26.675
