driver_id,total_fare,avg_distance
98,734.3800000000001,33.66285714285714
70,423.46,36.22333333333333
38,1131.13,31.119285714285713
92,655.96,28.284444444444446
58,1329.4300000000003,22.843999999999998
33,181.24,24.465
48,970.1,31.986363636363638
72,690.99,29.531428571428574
