driver_id,total_fare,avg_distance
54,325.87,37.93
3,405.25,25.001666666666665
16,303.32,40.304
6,783.4800000000001,22.044
95,823.85,17.57111111111111
40,85.58,21.78
97,603.72,18.734
67,716.5500000000001,24.544999999999998
12,547.64,27.401999999999997
91,518.4100000000001,21.34714285714286
