driver_id,total_fare,avg_distance
51,202.87,29.5225
52,306.93,27.8225
71,269.21,19.85
61,201.13,19.46
17,203.73000000000002,19.96
23,178.07,21.8
38,148.53,46.62
44,183.48000000000002,19.87
58,472.73,19.429999999999996
10,46.34,15.66
4,392.29,24.3275
76,215.26,33.235
