driver_id,total_fare,avg_distance
96,1686.2200000000003,22.65736842105263
68,757.2700000000001,29.673636363636366
60,883.63,28.846923076923076
41,970.8199999999999,29.62428571428571
55,1085.0,30.28333333333333
93,921.1099999999999,28.777272727272734
95,1282.06,25.086250000000003
79,1056.1599999999999,25.910000000000004
91,742.1000000000001,23.415454545454544
94,779.4,29.07
