driver_id,total_fare,avg_distance
51,102.64,24.159999999999997
87,55.76,15.51
98,247.77,39.72
41,188.04999999999998,39.81666666666667
44,32.7,30.76
79,147.31,32.43
20,34.8,11.67
45,97.09,7.01
57,118.06,31.566666666666663
