driver_id,total_fare,avg_distance
69,1126.15,33.06916666666667
34,514.98,18.490000000000002
59,502.31,29.61777777777778
96,1765.0800000000002,23.959
23,828.4499999999999,31.977272727272727
63,951.0799999999999,18.40857142857143
12,1145.71,24.786666666666672
76,483.69,33.392857142857146
