driver_id,total_fare,avg_distance
11,694.77,15.325555555555557
34,281.22,17.475
70,445.5,32.324285714285715
25,1348.37,26.460555555555555
53,1034.04,18.984999999999996
92,767.82,27.571000000000005
56,439.94,21.060000000000002
13,1107.65,29.28071428571429
