driver_id,total_fare,avg_distance
52,761.8599999999999,34.469
99,975.27,28.759375
100,396.67999999999995,32.70399999999999
70,547.71,34.638888888888886
75,593.83,20.555
78,397.35,17.474
44,753.4999999999999,30.133000000000003
80,718.47,23.904000000000003
