driver_id,total_fare,avg_distance
54,94.91999999999999,29.950000000000003
99,157.16,23.513333333333332
75,366.89000000000004,21.122500000000002
78,57.14,3.67
89,153.61,15.105
95,236.59,11.896666666666668
38,165.15,36.879999999999995
79,155.69,17.37
9,154.1,19.080000000000002
56,90.78999999999999,18.743333333333336
13,305.99,36.3525
