driver_id,total_fare,avg_distance
69,108.0,32.98
8,219.21,25.266666666666666
22,216.9,17.52
16,103.5,37.37
93,146.64,24.22
58,601.9200000000001,20.557142857142853
67,515.57,28.932
79,307.87,32.5475
49,380.38000000000005,20.357499999999998
12,190.75,37.265
