driver_id,total_fare,avg_distance
29,264.55999999999995,17.986666666666668
3,90.72,7.34
34,50.78,1.58
27,164.59,32.67333333333334
68,239.13,36.655
53,83.47,5.0
67,399.12000000000006,25.4925
49,233.53,10.945
65,232.75,25.96666666666667
91,272.43,16.49
