driver_id,total_fare,avg_distance
11,577.28,17.285
69,868.28,33.098888888888894
64,1111.49,25.5825
8,934.87,22.799230769230768
99,941.88,28.382666666666662
26,551.84,25.262857142857143
1,821.3399999999999,29.583333333333332
49,830.6,25.103
39,334.17,31.988
74,289.01,21.966
