driver_id,total_fare,avg_distance
15,988.0900000000001,23.29222222222222
23,783.5699999999999,30.468
55,917.9899999999999,26.958
40,547.95,27.310000000000002
53,1168.3899999999999,20.084999999999997
67,1076.17,25.407500000000002
84,820.9000000000001,28.25153846153846
4,1100.66,20.972999999999995
