driver_id,total_fare,avg_distance
11,654.67,16.5825
29,843.61,32.8590909090909
69,909.13,31.376000000000005
3,658.6,29.371111111111116
47,1049.23,25.845714285714283
12,1031.43,25.565454545454546
91,664.2800000000001,21.8525
