driver_id,total_fare,avg_distance
52,379.09,34.431666666666665
16,189.91,39.64
99,553.11,30.34375
43,160.01999999999998,28.885
78,255.38,16.580000000000002
89,172.60000000000002,12.176666666666668
38,737.28,32.42444444444445
48,212.42000000000002,24.43
1,498.64,26.02
66,40.18,21.19
94,626.6,30.604000000000003
