driver_id,total_fare,avg_distance
71,366.9,25.29
70,193.33,30.479999999999997
90,244.13,27.905
41,375.53,30.956
38,487.80999999999995,40.812
84,168.14000000000001,9.313333333333333
1,307.87,20.509999999999998
13,399.88,38.835
2,173.54,16.305
80,152.38,22.265
