driver_id,total_fare,avg_distance
54,860.37,27.54090909090909
22,901.3499999999999,28.94846153846154
31,580.11,19.7825
18,1049.1200000000001,24.355833333333333
25,1183.2499999999998,26.018749999999997
44,684.6999999999999,29.071111111111115
58,1345.2400000000002,22.741249999999997
97,1050.23,22.170714285714286
84,604.7500000000001,25.02444444444444
94,740.81,29.688888888888886
