driver_id,total_fare,avg_distance
51,1095.28,27.344285714285714
7,664.3399999999999,31.058888888888887
87,886.14,24.613636363636363
98,872.5300000000002,33.065555555555555
18,1159.38,21.168
6,1017.4000000000001,24.441538461538464
60,707.15,29.139999999999997
48,1395.1100000000001,30.329333333333334
24,885.4100000000002,29.670909090909095
50,379.52,31.351428571428574
