driver_id,total_fare,avg_distance
51,738.1800000000001,28.487000000000002
54,590.63,33.67857142857142
73,614.85,27.077142857142857
87,758.78,26.191111111111113
5,739.73,29.246363636363636
18,679.32,23.182222222222222
58,1015.5100000000001,21.75583333333333
1,816.1299999999999,28.753636363636364
36,327.74,25.998
37,350.59,21.855
4,1015.5100000000001,22.398888888888887
57,739.03,24.86111111111111
