driver_id,total_fare,avg_distance
64,1019.85,26.728181818181817
8,902.53,20.9425
99,835.97,28.229999999999997
96,937.0400000000002,20.006
77,458.65999999999997,27.024999999999995
23,543.0899999999999,32.42333333333333
86,357.95000000000005,21.092
45,192.54999999999998,12.442499999999999
