driver_id,total_fare,avg_distance
3,744.63,29.769090909090913
16,954.56,31.965833333333336
23,1068.9199999999998,29.078571428571426
25,1485.81,26.281
53,1362.58,18.89833333333333
9,972.1,21.58923076923077
20,556.94,24.756666666666668
37,461.38,25.291249999999998
83,1177.7,33.23428571428571
