driver_id,total_fare,avg_distance
64,1187.76,26.06230769230769
3,524.89,26.8225
16,593.72,32.99
18,913.4300000000001,23.430909090909093
27,421.34000000000003,20.37666666666667
61,858.47,18.750999999999998
17,757.6700000000001,28.263749999999998
78,368.31,21.445
77,831.71,24.122999999999998
23,690.9999999999999,35.64
20,430.65,23.551666666666666
56,382.57,18.863750000000003
49,951.1600000000001,26.674545454545456
65,988.7200000000001,25.752857142857145
