driver_id,total_fare,avg_distance
54,1246.59,26.00857142857143
64,1640.3600000000001,27.427222222222227
34,777.9799999999999,21.511
8,1350.2,23.545882352941174
85,830.0999999999999,20.51
77,1000.0,22.63571428571428
38,1398.5400000000002,30.348235294117643
58,1503.7000000000003,24.273888888888887
65,1413.62,24.365
83,1142.0,33.39384615384615
50,713.43,31.026000000000003
