driver_id,total_fare,avg_distance
51,116.26,29.863333333333333
52,216.53,31.05
47,230.15,30.48
99,102.92999999999999,17.705
5,146.49,19.433333333333334
27,132.47,25.91
75,233.15000000000003,22.423333333333336
17,108.64,35.82
68,95.75,24.0
60,285.37,30.233333333333334
90,222.53,21.493333333333336
58,383.16,22.162
67,291.08000000000004,29.75
9,88.05,10.02
20,137.75,26.330000000000002
63,146.5,19.6
65,128.97,36.985
12,89.4,37.8
91,11.03,14.22
