driver_id,total_fare,avg_distance
5,1061.98,29.17625
17,876.3000000000001,26.035555555555554
46,801.57,21.70777777777778
93,939.7199999999999,28.52583333333334
44,769.3999999999999,27.833636363636366
84,853.2400000000001,27.838666666666665
9,934.9,20.3
56,650.77,21.4475
50,492.06,32.20125
