driver_id,total_fare,avg_distance
7,593.02,29.1025
87,809.29,24.103
30,848.3199999999999,26.496000000000002
71,539.7399999999999,26.82857142857143
75,458.32000000000005,23.211250000000003
46,529.12,21.82857142857143
19,800.5699999999999,21.964444444444446
25,1087.1599999999999,27.139333333333333
14,693.44,19.06
