driver_id,total_fare,avg_distance
42,968.5099999999999,32.529999999999994
55,577.8599999999999,27.722857142857144
95,943.3100000000001,20.962500000000002
53,903.7,20.430909090909086
79,988.0699999999999,26.851538461538464
72,922.04,25.998
74,357.16999999999996,19.724999999999998
45,320.13,10.437999999999999
57,752.04,23.261000000000003
