driver_id,total_fare,avg_distance
11,585.42,17.607142857142858
59,162.85,18.2375
96,1545.3000000000002,21.84722222222222
5,882.55,30.216923076923077
38,1238.7900000000002,31.083999999999996
25,979.66,27.88153846153846
49,956.2500000000001,24.875833333333333
14,543.5600000000001,20.6125
72,827.39,27.90666666666667
50,318.62,35.913333333333334
