driver_id,total_fare,avg_distance
51,333.83000000000004,26.825
15,137.65,34.53
42,440.03,35.55
64,474.02,28.632000000000005
8,564.12,19.153333333333332
70,331.52,36.7675
6,253.74,19.8
68,441.42,29.998
90,503.77000000000004,32.3
23,494.28,28.919999999999998
95,507.42,15.555000000000001
38,707.77,35.832499999999996
25,435.47,32.87
79,331.69,29.982
65,599.4900000000001,27.375
94,543.7,30.57
50,117.83000000000001,44.373333333333335
