driver_id,total_fare,avg_distance
29,624.59,31.39222222222222
87,643.9499999999999,25.861250000000002
100,229.36999999999998,23.49
25,934.55,28.04545454545454
88,459.59,18.76375
20,259.53,29.7925
63,557.93,15.757500000000002
62,182.51,13.136666666666665
12,637.3,23.266666666666666
94,706.6,28.504285714285714
