driver_id,total_fare,avg_distance
69,1598.6700000000003,31.298333333333332
34,708.8299999999999,18.34777777777778
85,782.3,19.897
100,800.96,30.91555555555555
46,1031.49,24.25
97,1453.42,21.105263157894736
65,1266.31,25.310588235294116
94,861.77,29.682727272727274
76,589.19,32.8775
