driver_id,total_fare,avg_distance
47,906.2500000000001,27.48153846153846
75,432.93000000000006,25.598571428571432
60,650.6899999999999,28.215999999999998
68,695.85,29.351111111111113
41,942.53,28.364615384615377
53,832.6500000000001,18.534444444444443
48,786.56,33.68111111111111
79,844.8,26.94727272727273
13,966.91,30.794615384615387
50,251.59000000000003,35.720000000000006
