driver_id,total_fare,avg_distance
69,1655.3700000000003,28.7685
22,1248.6299999999999,27.87578947368421
71,679.53,30.905
18,1497.18,22.24
46,1074.3700000000001,25.63076923076923
55,1201.5400000000002,30.845
36,653.6800000000001,31.33888888888889
62,476.51,27.06714285714286
14,934.76,18.900833333333335
