driver_id,total_fare,avg_distance
69,1426.5600000000002,30.49666666666667
3,711.71,27.765000000000004
47,1074.77,26.220666666666663
70,743.69,32.544999999999995
75,609.8000000000001,21.004545454545454
68,880.9300000000001,30.02692307692308
48,1714.4,30.897777777777776
49,1047.63,26.73785714285714
21,805.77,19.91818181818182
80,861.1300000000001,21.708333333333332
