driver_id,total_fare,avg_distance
11,115.41,16.55
29,168.20999999999998,23.465
64,94.99,17.19
30,298.98999999999995,30.5
8,95.68,22.26
28,407.32,37.7175
35,287.91999999999996,39.364999999999995
98,137.93,36.65
31,324.47,17.27
100,93.48,9.59
19,278.22999999999996,27.50666666666667
41,28.5,48.55
58,171.20999999999998,25.369999999999997
81,210.57,19.380000000000003
97,207.76000000000002,14.865
56,82.36,26.14
65,98.18,38.6
83,120.33999999999999,26.759999999999998
14,93.46000000000001,15.695
