driver_id,total_fare,avg_distance
69,475.22999999999996,32.55800000000001
43,113.57,25.67
60,365.0,26.827999999999996
97,525.0500000000001,19.305
32,775.6300000000001,26.34875
88,352.4,21.035714285714285
37,251.1,28.369999999999997
