driver_id,total_fare,avg_distance
11,381.84999999999997,18.1
42,619.9699999999999,32.83857142857143
98,630.3100000000001,36.712
18,245.4,20.59
41,548.48,32.897499999999994
92,395.47,30.924
86,192.97000000000003,22.713333333333335
79,476.08,27.444999999999997
1,549.09,28.756666666666664
66,101.88,25.775
80,168.0,19.099999999999998
