driver_id,total_fare,avg_distance
22,1169.33,27.16166666666667
52,927.7699999999999,31.724166666666665
70,869.2,28.63642857142857
27,784.78,19.658461538461538
40,838.33,29.083333333333332
24,1161.2000000000003,25.820666666666668
10,784.44,14.07
49,1462.08,26.760555555555552
83,1019.4399999999999,32.68083333333333
2,1145.3899999999999,28.4375
