driver_id,total_fare,avg_distance
42,25.45,37.8
87,334.61999999999995,16.0975
85,349.03,27.912499999999998
27,181.66,28.132500000000004
25,186.51,38.489999999999995
32,611.98,29.886666666666667
65,242.99,26.150000000000002
13,376.3,36.948
2,148.92,25.18
