driver_id,total_fare,avg_distance
73,130.06,5.56
52,76.43,12.2
89,10.83,9.54
81,90.59,4.63
97,131.33,20.98
32,346.40999999999997,29.723333333333333
88,51.42,20.259999999999998
1,188.13,27.634999999999998
4,107.21,2.74
13,216.72,46.35999999999999
14,43.08,13.8
