driver_id,total_fare,avg_distance
51,1276.58,26.21125
69,1263.0700000000002,31.74461538461539
87,961.41,24.968333333333334
59,637.71,30.951999999999998
96,1885.41,23.50190476190476
89,482.91999999999996,20.167500000000004
6,1062.8400000000001,25.521428571428572
56,516.02,20.783
63,1207.58,20.273125
