driver_id,total_fare,avg_distance
42,1306.06,29.549230769230768
64,1405.71,25.96066666666667
8,1101.1,20.972666666666665
22,960.8899999999999,27.12375
100,524.68,28.711428571428566
40,777.7900000000001,29.28375
9,797.36,21.49909090909091
56,580.5899999999999,20.744545454545456
49,963.2300000000001,25.459230769230768
39,385.20000000000005,26.831666666666667
