driver_id,total_fare,avg_distance
51,1010.96,29.091538461538462
59,280.05,20.82166666666667
8,955.27,21.55
22,915.4099999999999,29.317142857142862
35,566.41,22.59
5,911.55,29.047142857142855
48,1242.17,31.225384615384616
1,885.3899999999999,30.18846153846154
20,493.5,24.84857142857143
63,918.54,16.590769230769233
