driver_id,total_fare,avg_distance
11,1003.1899999999999,18.1475
42,1541.16,29.018125
70,843.8000000000001,30.40307692307692
27,736.0,20.265833333333333
75,733.4000000000001,21.013333333333335
26,703.27,23.89111111111111
77,894.7,24.819999999999993
97,1317.47,21.871176470588235
4,1291.7300000000002,18.43833333333333
12,1391.4399999999998,26.021333333333338
