driver_id,total_fare,avg_distance
73,953.19,28.714999999999996
35,594.37,24.252499999999998
89,392.25,14.611666666666666
68,703.1700000000001,30.427000000000003
95,1087.76,22.314615384615387
25,1380.1799999999998,27.344210526315788
82,940.9999999999999,30.266363636363636
24,698.6400000000001,29.162222222222226
10,561.35,10.521250000000002
21,585.17,21.144444444444446
76,391.62,30.723333333333333
