driver_id,total_fare,avg_distance
15,826.7800000000001,26.524285714285714
73,699.86,26.92375
30,800.6099999999999,23.352500000000003
96,1109.04,19.125833333333336
77,553.72,25.158571428571427
48,677.01,32.02875
67,1009.6700000000001,23.28727272727273
9,483.14,17.318571428571428
65,728.6000000000001,25.642500000000002
