driver_id,total_fare,avg_distance
87,260.03999999999996,15.906666666666666
97,226.18,19.13
24,59.65,23.56
88,155.91,17.115
37,122.53,11.71
49,98.69,19.84
4,519.48,20.53
14,317.98,23.725
