driver_id,total_fare,avg_distance
22,817.3599999999999,28.77916666666667
43,576.62,27.397142857142857
90,561.9000000000001,30.8125
95,903.08,19.55909090909091
25,939.5799999999999,29.701666666666664
53,713.9200000000001,18.502499999999998
58,1185.2600000000002,22.360714285714284
67,880.87,25.281
24,678.1600000000001,28.817500000000003
66,468.93999999999994,22.751666666666665
