driver_id,total_fare,avg_distance
42,606.4399999999999,33.925
43,233.01,34.60666666666666
31,407.19000000000005,22.375999999999998
38,757.16,32.559
33,109.83000000000001,20.265
48,292.6,23.95
72,287.29,35.14333333333334
2,621.19,25.718333333333334
