driver_id,total_fare,avg_distance
69,231.47,31.91333333333333
3,292.55,28.22
52,362.02,31.93
61,355.02,14.4225
27,246.05,26.132000000000005
60,322.89,26.575
53,192.22,10.545
36,78.53999999999999,39.76
