driver_id,total_fare,avg_distance
8,190.46,23.23
75,392.69000000000005,22.216
46,201.98,19.91333333333333
25,212.28,34.79333333333333
97,346.74,24.7775
79,194.29,27.653333333333336
88,230.63,19.186
10,158.76,9.495000000000001
83,213.82999999999998,26.27
80,105.68,24.29
