driver_id,total_fare,avg_distance
11,810.0699999999999,16.833000000000002
34,451.05,21.17
75,496.00000000000006,21.362222222222226
77,848.14,24.601818181818178
55,820.0899999999999,27.906666666666666
40,432.17,25.828000000000003
81,898.8300000000002,28.296
21,665.74,20.421
72,1136.04,26.326666666666668
57,850.0699999999999,22.10727272727273
