driver_id,total_fare,avg_distance
51,871.7,27.737272727272728
43,399.81,28.99
18,826.9300000000001,23.299
75,405.3500000000001,26.736666666666668
68,671.4,30.325000000000003
56,223.68999999999997,16.238333333333333
12,763.53,28.87625
21,156.85000000000002,23.52
66,143.79,17.529999999999998
80,386.35,26.662857142857145
