driver_id,total_fare,avg_distance
51,251.33,25.689999999999998
11,183.2,18.87
64,231.51,22.185000000000002
85,204.38,26.24333333333333
47,261.87,28.05
77,86.94,19.45
19,420.93999999999994,25.768
82,94.13,41.38
63,209.23,17.69
