driver_id,total_fare,avg_distance
34,371.6,23.446
31,687.0,19.44333333333333
55,694.0699999999999,26.94875
33,275.11,22.774
97,1120.77,20.864666666666665
9,610.14,19.97222222222222
14,709.32,18.095
66,484.5199999999999,22.89428571428571
74,402.41999999999996,20.854285714285712
76,355.49,27.764
