driver_id,total_fare,avg_distance
7,501.65000000000003,26.866666666666664
54,797.39,27.02333333333333
96,753.2500000000001,19.90375
27,410.73,18.885
95,857.5600000000001,20.552
92,476.24,29.364285714285717
36,565.87,30.695714285714285
13,790.55,30.86545454545455
21,296.74,17.366666666666667
