driver_id,total_fare,avg_distance
7,272.54,26.229999999999997
64,450.78999999999996,33.370000000000005
22,418.68,19.108333333333334
28,643.78,31.252857142857145
5,297.57000000000005,29.36833333333333
81,609.6700000000001,26.459999999999997
72,182.12,27.93
45,179.63,10.063333333333333
57,227.03,30.29
