driver_id,total_fare,avg_distance
54,205.83999999999997,34.303333333333335
8,502.13000000000005,19.55625
96,338.46000000000004,17.744999999999997
5,282.58000000000004,26.766
38,656.51,38.99428571428571
92,237.49,30.929999999999996
81,516.09,24.53
63,375.52,20.486
12,289.85,37.63333333333333
